{
  "avg_home_goals": 1.6150359712230213,
  "avg_away_goals": 1.2229016786570746,
  "avg_total": 2.8379376498800957,
  "metric": "xG",
  "n_matches": 417
}